{
  "total_results": 5000,
  "models": [
    "DeepSeek-V3.2",
    "Llama-4-Maverick-17B",
    "Mistral-Large-3",
    "claude-sonnet-4.6",
    "nova-pro"
  ],
  "by_cl": {
    "0.0": {
      "n": 1000,
      "jury_cc": {
        "mean": 0.3679633333333333,
        "std": 0.31450108070826505
      },
      "jury_sa": {
        "mean": 0.6905366666666667,
        "std": 0.269046073687513
      },
      "jury_fc": {
        "mean": 0.6256866666666667,
        "std": 0.2960824503035899
      }
    },
    "0.25": {
      "n": 1000,
      "jury_cc": {
        "mean": 0.46764999999999995,
        "std": 0.3240265416940752
      },
      "jury_sa": {
        "mean": 0.786,
        "std": 0.22041400439476014
      },
      "jury_fc": {
        "mean": 0.7458166666666667,
        "std": 0.24438585099523796
      }
    },
    "0.5": {
      "n": 1000,
      "jury_cc": {
        "mean": 0.49800333333333335,
        "std": 0.3062713792809682
      },
      "jury_sa": {
        "mean": 0.8076000000000001,
        "std": 0.18660718099794552
      },
      "jury_fc": {
        "mean": 0.7763833333333333,
        "std": 0.21315690034964072
      }
    },
    "0.75": {
      "n": 1000,
      "jury_cc": {
        "mean": 0.49,
        "std": 0.31206480808390497
      },
      "jury_sa": {
        "mean": 0.8089500000000001,
        "std": 0.19639998232066
      },
      "jury_fc": {
        "mean": 0.7770333333333335,
        "std": 0.22098335533096908
      }
    },
    "1.0": {
      "n": 1000,
      "jury_cc": {
        "mean": 0.7912666666666667,
        "std": 0.29674035788884534
      },
      "jury_sa": {
        "mean": 0.9182,
        "std": 0.14303800582751114
      },
      "jury_fc": {
        "mean": 0.9089666666666667,
        "std": 0.16150211212929144
      }
    }
  },
  "by_model": {},
  "by_constraint_type": {},
  "correlation": {
    "cc_sa_r": 0.586192987078186,
    "cc_sa_p": 0.0,
    "n": 5000
  },
  "pattern": {
    "total_trajectories": 1000,
    "u_curve_count": 250,
    "u_curve_pct": 25.0,
    "monotonic_increase_count": 620,
    "monotonic_increase_pct": 62.0
  },
  "differential_sensitivity": {
    "cc_delta_0_to_1": 0.42330333333333336,
    "sa_delta_0_to_1": 0.22766333333333333,
    "ratio": 1.8593390825634344
  }
}